Nama Kelas,V(g),HL(V),LOC,CLOC,MI,Maintainability Level
SignUpMapper.kt,1,101.58,14,0,103.99,Highly Maintainable
SignInMapper.kt,1,138.97,16,0,100.2,Highly Maintainable
RemainingLandAreaMapper.kt,1,95.18,15,0,103.21,Highly Maintainable
RegionMapper.kt,1,91.38,13,0,105.74,Highly Maintainable
AgrimateApplication.kt,1,4.75,5,0,136.59,Highly Maintainable
PlantDiseasePredictionMapper.kt,1,108.0,15,0,102.55,Highly Maintainable
UserChatViewModel.kt,1,87.57,15,0,103.64,Highly Maintainable
MainActivity.kt,1,204.04,35,0,85.52,Highly Maintainable
LibraryModule.kt,1,55.35,19,0,102.2,Highly Maintainable
FormHandler.kt,1,18.09,5,0,129.64,Highly Maintainable
BaseViewModel.kt,1,94.01,15,0,103.27,Highly Maintainable
UploadImageMapper.kt,1,68.11,9,0,113.23,Highly Maintainable
CheckDiseaseUiState.kt,1,11.61,4,0,135.56,Highly Maintainable
NewsDetailViewModel.kt,1,129.66,16,0,100.56,Highly Maintainable
NewsViewModel.kt,1,39.86,10,0,114.3,Highly Maintainable
FarmerLandDetailUseCase.kt,1,86.04,11,0,108.76,Highly Maintainable
FarmerLandDetailnteractor.kt,1,195.4,17,0,97.44,Highly Maintainable
DataStoreUseCase.kt,1,209.59,17,0,97.08,Highly Maintainable
DataStoreInteractor.kt,1,534.38,22,0,88.03,Highly Maintainable
CommodityUseCase.kt,1,19.65,7,0,123.76,Highly Maintainable
CommodityInteractor.kt,1,68.53,11,0,109.94,Highly Maintainable
AuthUseCase.kt,1,269.34,24,0,90.19,Highly Maintainable
RegionRepository.kt,1,43.19,7,0,119.67,Highly Maintainable
LandReportScreen.kt,1,12.0,5,1,165.16,Highly Maintainable
LandActivityEditScreen.kt,1,12.0,5,1,165.16,Highly Maintainable
LandUiState.kt,1,15.51,4,0,134.06,Highly Maintainable
LandDetailUiState.kt,1,53.15,8,0,116.42,Highly Maintainable
ForgotPasswordUiState.kt,1,75.28,8,0,114.61,Highly Maintainable
EmailVerificationUiState.kt,1,79.57,8,0,114.32,Highly Maintainable
DataStoreRepository.kt,1,209.59,17,0,97.08,Highly Maintainable
CommodityRepository.kt,1,19.65,7,0,123.76,Highly Maintainable
AuthRepository.kt,1,269.34,24,0,90.19,Highly Maintainable
UploadImageModel.kt,1,8.0,4,0,137.5,Highly Maintainable
SignUpModel.kt,1,27.0,6,0,124.61,Highly Maintainable
SignInModel.kt,1,65.73,8,0,115.32,Highly Maintainable
ResetPasswordModel.kt,1,18.09,5,0,129.64,Highly Maintainable
RemainingLandAreaModel.kt,1,30.88,5,0,126.86,Highly Maintainable
RegionModel.kt,1,16.25,5,0,130.2,Highly Maintainable
PlantNutritionModel.kt,1,36.5,7,0,120.54,Highly Maintainable
PlantDiseaseInteractor.kt,1,239.72,18,0,95.45,Highly Maintainable
NewsUseCase.kt,1,19.65,7,0,123.76,Highly Maintainable
NewsInteractor.kt,1,68.53,9,0,113.19,Highly Maintainable
HarvestUseCase.kt,1,53.89,8,0,116.35,Highly Maintainable
HarvestInteractor.kt,1,141.78,13,0,103.46,Highly Maintainable
FarmerLandUseCase.kt,1,227.43,20,0,94.02,Highly Maintainable
WeatherForecastScreen.kt,2,1498.23,117,1,105.01,Highly Maintainable
ProfileUiState.kt,1,28.07,5,0,127.36,Highly Maintainable
DiseaseDetailScreen.kt,4,2540.58,181,1,91.05,Highly Maintainable
HarvestModel.kt,1,111.01,10,0,108.98,Highly Maintainable
ForgotPasswordModel.kt,1,27.0,6,0,124.61,Highly Maintainable
FarmerLandModel.kt,1,190.16,18,0,96.66,Highly Maintainable
FarmerLandListItemModel.kt,1,63.12,9,0,113.62,Highly Maintainable
CroppingPatternModel.kt,1,16.25,5,0,130.2,Highly Maintainable
CreateFarmerLandModel.kt,1,27.0,3,0,135.83,Highly Maintainable
CommodityModel.kt,1,30.88,6,0,123.91,Highly Maintainable
CheckOTPModel.kt,1,107.31,10,0,109.15,Highly Maintainable
AuthMeModel.kt,1,36.5,7,0,120.54,Highly Maintainable
PlantingRepository.kt,1,101.58,11,0,107.9,Highly Maintainable
PlantDiseaseRepository.kt,1,108.0,12,0,106.17,Highly Maintainable
NewsRepository.kt,1,19.65,7,0,123.76,Highly Maintainable
HarvestRepository.kt,1,53.89,8,0,116.35,Highly Maintainable
FarmerLandRepository.kt,1,306.49,24,0,89.51,Highly Maintainable
SignInUiState.kt,1,118.03,10,0,108.66,Highly Maintainable
ResetPasswordUiState.kt,1,63.12,7,0,117.69,Highly Maintainable
AGActionDropdown.kt,1,128.0,22,0,95.46,Highly Maintainable
UiState.kt,1,83.03,6,0,118.76,Highly Maintainable
NavBarMenu.kt,1,215.49,12,0,102.58,Highly Maintainable
PlantingListDataResponse.kt,1,339.29,21,0,91.15,Highly Maintainable
NewsItemResponse.kt,1,48.0,8,0,116.95,Highly Maintainable
HarvestReponse.kt,1,159.12,18,0,97.58,Highly Maintainable
RemainingLandAreaResponse.kt,1,51.0,8,0,116.64,Highly Maintainable
ResponseDiseaseDetectionAPI.kt,1,199.25,22,0,93.16,Highly Maintainable
DiseaseDetectionResponse.kt,1,210.93,18,0,96.12,Highly Maintainable
PlantingModel.kt,1,387.64,22,0,89.7,Highly Maintainable
PlantingListItemModel.kt,1,76.11,10,0,110.94,Highly Maintainable
PlantDiseasePredictionModel.kt,1,28.07,6,0,124.4,Highly Maintainable
PlantDiseaseDetectionModel.kt,1,73.08,10,0,111.15,Highly Maintainable
NewsModel.kt,1,48.0,8,0,116.95,Highly Maintainable
LogoutModel.kt,1,18.09,2,0,144.49,Highly Maintainable
UnitSelectInputImpl.kt,1,72.65,11,0,109.64,Highly Maintainable
RegionSelectInputImpl.kt,1,30.88,6,0,123.91,Highly Maintainable
ProfessionSelectInputImpl.kt,1,30.88,6,0,123.91,Highly Maintainable
PlantCommoditySelectInputImpl.kt,1,30.88,5,0,126.86,Highly Maintainable
PlantCategorySelectInputImpl.kt,1,42.0,8,0,117.65,Highly Maintainable
CroppingPatternSelectInputImpl.kt,1,30.88,4,0,130.48,Highly Maintainable
SplashScreen.kt,4,580.74,65,1,115.89,Highly Maintainable
AGDropdownMenuItem.kt,1,314.93,31,0,85.23,Highly Maintainable
AGDivider.kt,1,64.53,11,0,110.26,Highly Maintainable
AGChatCard.kt,1,1330.58,89,1,110.44,Highly Maintainable
PlantingRemoteDataSource.kt,1,132.0,9,0,109.78,Highly Maintainable
RegionService.kt,1,117.21,14,0,103.24,Highly Maintainable
PlantingService.kt,1,172.88,17,0,98.08,Highly Maintainable
PlantDiseaseDetectionService.kt,1,307.71,23,0,90.18,Highly Maintainable
LandActivityService.kt,1,147.15,15,0,100.94,Highly Maintainable
HarvestService.kt,1,87.57,12,0,107.26,Highly Maintainable
CommodityService.kt,1,77.71,12,0,107.88,Highly Maintainable
LocalModule.kt,1,39.0,18,0,104.9,Highly Maintainable
FirebaseModule.kt,1,28.07,16,0,108.51,Highly Maintainable
ResponseMessage.kt,1,66.57,9,0,113.34,Highly Maintainable
Response.kt,1,47.55,12,0,110.43,Highly Maintainable
RegionResponse.kt,1,33.6,8,0,118.81,Highly Maintainable
SignUpBody.kt,1,188.87,18,0,96.69,Highly Maintainable
SignInBody.kt,1,16.25,5,0,130.2,Highly Maintainable
ResetPasswordBody.kt,1,25.85,6,0,124.83,Highly Maintainable
LandActivityBody.kt,1,125.02,15,0,101.79,Highly Maintainable
HarvestBody.kt,1,44.38,6,0,122.02,Highly Maintainable
ForgotPasswordBody.kt,1,8.0,4,0,137.5,Highly Maintainable
CreatePlantingBody.kt,1,121.11,13,0,104.27,Highly Maintainable
CreateFarmerLandBody.kt,1,103.61,12,0,106.38,Highly Maintainable
CheckOTPBody.kt,1,8.0,4,0,137.5,Highly Maintainable
AuthRemoteDataSource.kt,1,361.37,23,0,89.35,Highly Maintainable
SignUpResponse.kt,1,210.93,18,0,96.12,Highly Maintainable
SignInResponse.kt,1,51.0,8,0,116.64,Highly Maintainable
RefreshTokenResponse.kt,1,16.25,6,0,127.25,Highly Maintainable
CheckOTPResponse.kt,1,75.0,12,0,108.06,Highly Maintainable
AuthMeResponse.kt,1,106.3,16,0,101.59,Highly Maintainable
RegionRemoteDataSource.kt,2,376.47,28,0,85.72,Highly Maintainable
AGWeatherDayCard.kt,1,1153.88,97,1,109.98,Highly Maintainable
AGNotificationCard.kt,1,1556.72,128,1,103.1,Highly Maintainable
NumberTransformation.kt,1,194.49,20,0,94.83,Highly Maintainable
NavbarMenuModel.kt,1,28.07,6,0,124.4,Highly Maintainable
FeatureCardModel.kt,1,39.0,7,0,120.2,Highly Maintainable
ExploreMenuModel.kt,1,28.07,6,0,124.4,Highly Maintainable
AGMapsPolygonDefault.kt,2,162.53,23,0,93.27,Highly Maintainable
AGMapsCrosshair.kt,1,112.37,19,0,98.52,Highly Maintainable
CharacterStyle.kt,1,128.93,13,0,103.95,Highly Maintainable
AGWebView.kt,1,171.9,21,0,94.68,Highly Maintainable
Type.kt,1,2764.17,158,1,94.96,Highly Maintainable
DataStoreRepositoryImpl.kt,1,539.76,23,0,87.26,Highly Maintainable
CommodityRepositoryImpl.kt,2,284.9,24,0,89.66,Highly Maintainable
ValidationUtils.kt,3,277.44,16,0,96.14,Highly Maintainable
UiUtils.kt,4,70.31,9,0,112.37,Highly Maintainable
FormatUtils.kt,2,291.48,24,0,89.55,Highly Maintainable
ApiResponse.kt,1,76.11,6,0,119.22,Highly Maintainable
LandActivityRemoteDataSource.kt,1,113.3,9,0,110.58,Highly Maintainable
HarvestRemoteDataSource.kt,1,86.04,8,0,113.92,Highly Maintainable
FarmerLandRemoteDataSource.kt,1,316.65,14,0,98.08,Highly Maintainable
DiseaseDetectionRemoteDataSource.kt,1,229.25,17,0,96.61,Highly Maintainable
CommodityRemoteDataSource.kt,1,71.7,7,0,117.03,Highly Maintainable
OnBoardingGraph.kt,1,140.0,21,0,95.75,Highly Maintainable
AuthGraph.kt,1,665.24,43,9,114.97,Highly Maintainable
FarmerOtherGraph.kt,1,2588.89,100,28,100.42,Highly Maintainable
FarmerMainGraph.kt,1,272.03,32,0,85.47,Highly Maintainable
FarmerGraph.kt,1,96.0,18,0,100.21,Highly Maintainable
AgrimateNavGraph.kt,1,138.97,25,0,92.97,Highly Maintainable
NewsRepositoryImpl.kt,2,322.99,26,0,87.72,Highly Maintainable
LandActivityRepositoryImpl.kt,1,22.46,7,0,123.07,Highly Maintainable
PlantDiseaseDetectionMapper.kt,1,224.74,20,0,94.08,Highly Maintainable
ForgotPasswordMapper.kt,1,95.18,13,0,105.53,Highly Maintainable
CreateFarmerLandMapper.kt,1,92.51,13,0,105.68,Highly Maintainable
CheckOTPMapper.kt,1,178.41,18,0,96.99,Highly Maintainable
AuthMeMapper.kt,1,136.0,15,0,101.35,Highly Maintainable
RegionUseCase.kt,1,129.45,10,0,108.18,Highly Maintainable
RegionInteractor.kt,1,309.07,17,0,95.06,Highly Maintainable
PlantingUseCase.kt,1,101.58,11,0,107.9,Highly Maintainable
PlantingInteractor.kt,1,214.05,17,0,96.97,Highly Maintainable
PlantDiseaseUseCase.kt,1,190.4,13,0,101.92,Highly Maintainable
HomeUiState.kt,1,58.81,8,0,115.9,Highly Maintainable
LandDetailActivityUiState.kt,1,140.65,11,0,106.2,Highly Maintainable
AuthInterceptor.kt,1,171.82,19,0,96.31,Highly Maintainable
Mapper.kt,1,23.26,4,0,131.95,Highly Maintainable
Resource.kt,1,132.88,6,0,116.32,Highly Maintainable
RequestFlow.kt,5,505.58,32,0,81.33,Moderately Maintainable
ErrorUtils.kt,3,513.19,29,0,83.31,Moderately Maintainable
AuthAuthenticator.kt,3,717.13,53,0,71.8,Moderately Maintainable
HomeViewModel.kt,5,700.03,68,0,67.43,Moderately Maintainable
LandAddUiState.kt,1,564.97,27,0,84.43,Moderately Maintainable
HelpHarvestScreen.kt,1,980.52,73,0,65.45,Moderately Maintainable
DiscussionScreen.kt,1,1042.18,68,0,66.28,Moderately Maintainable
LandDetailActivityAddUiState.kt,1,909.27,45,0,73.68,Moderately Maintainable
PermissionManager.kt,4,520.95,42,0,77.0,Moderately Maintainable
Effect.kt,3,326.98,35,0,82.61,Moderately Maintainable
HarvestRepositoryImpl.kt,5,490.0,34,0,80.51,Moderately Maintainable
TimeUtils.kt,8,585.06,35,0,78.43,Moderately Maintainable
RegionRepositoryImpl.kt,4,455.39,40,0,78.49,Moderately Maintainable
HomeScreen.kt,4,5870.64,346,1,67.58,Moderately Maintainable
AGMaps.kt,3,507.73,57,0,72.42,Moderately Maintainable
AGDeleteConfirmDialog.kt,1,586.42,53,0,73.31,Moderately Maintainable
AGWeatherHourCard.kt,1,604.26,70,0,68.64,Moderately Maintainable
NewsRemoteDataSource.kt,1,2365.45,41,0,70.21,Moderately Maintainable
FarmerLandService.kt,1,515.24,32,0,82.15,Moderately Maintainable
AuthService.kt,1,500.26,34,0,81.32,Moderately Maintainable
AGCameraPreview.kt,1,519.23,56,0,73.05,Moderately Maintainable
AGCard.kt,2,789.0,73,0,66.35,Moderately Maintainable
AGDialog.kt,1,656.23,73,0,67.53,Moderately Maintainable
AGTextOverview.kt,1,857.13,71,0,66.6,Moderately Maintainable
AGMapsMarkerController.kt,1,549.68,49,0,74.91,Moderately Maintainable
AGMapsPolygonMarker.kt,2,387.62,43,0,78.62,Moderately Maintainable
ShimmerBrush.kt,2,558.91,39,0,78.3,Moderately Maintainable
AGPermissionDialog.kt,3,800.96,75,0,65.6,Moderately Maintainable
AGSuccessHarvestConfirmDialog.kt,1,600.77,53,0,73.18,Moderately Maintainable
MetricAffectingSpan.kt,6,902.57,44,0,72.93,Moderately Maintainable
AGFailedHarvestConfirmDialog.kt,1,592.01,53,0,73.26,Moderately Maintainable
AGFeatureCard.kt,1,815.19,70,0,67.09,Moderately Maintainable
SignupFarmerUiState.kt,1,569.73,27,0,84.38,Moderately Maintainable
CheckDiseaseViewModel.kt,4,958.44,70,0,65.55,Moderately Maintainable
DiseaseDetailViewModel.kt,4,450.03,47,0,75.94,Moderately Maintainable
ProfileViewModel.kt,4,721.72,65,0,68.23,Moderately Maintainable
RepositoryModule.kt,1,361.89,45,0,78.47,Moderately Maintainable
AGAuthNavAsk.kt,1,638.75,58,0,71.4,Moderately Maintainable
AGAuthTopBanner.kt,1,387.74,41,0,79.62,Moderately Maintainable
TimerViewModel.kt,3,404.09,37,0,80.6,Moderately Maintainable
LandActivityScreen.kt,1,847.1,65,0,68.09,Moderately Maintainable
AuthInteractor.kt,1,490.0,31,0,82.93,Moderately Maintainable
NewsDetailScreen.kt,1,423.93,49,0,76.26,Moderately Maintainable
FarmerLandInteractor.kt,1,427.5,29,0,84.72,Moderately Maintainable
LandViewModel.kt,7,607.59,62,0,69.2,Moderately Maintainable
LandDetailViewModel.kt,1,412.53,45,0,77.79,Moderately Maintainable
LandScreen.kt,7,3757.42,257,1,78.17,Moderately Maintainable
LandEditUiState.kt,1,595.23,28,0,83.57,Moderately Maintainable
PlantingDataResponse.kt,1,446.93,35,0,81.44,Moderately Maintainable
SignupUiState.kt,1,739.34,34,0,79.29,Moderately Maintainable
CommodityDataResponse.kt,1,410.27,30,0,84.38,Moderately Maintainable
SplashViewModel.kt,4,463.01,45,0,76.5,Moderately Maintainable
FarmerLandResponse.kt,1,484.02,32,0,82.48,Moderately Maintainable
FarmerLandListItemResponse.kt,1,643.96,40,0,77.38,Moderately Maintainable
AGLabelChip.kt,2,558.5,45,0,75.98,Moderately Maintainable
SignupCollectorUiState.kt,1,569.73,27,0,84.38,Moderately Maintainable
PlantingMapper.kt,1,442.61,30,0,83.99,Moderately Maintainable
UserChatScreen.kt,1,714.5,77,0,66.23,Moderately Maintainable
CapitalScreen.kt,1,571.15,55,0,72.84,Moderately Maintainable
AppModule.kt,1,409.46,60,0,73.16,Moderately Maintainable
CameraAnalyzer.kt,3,1038.45,49,4,22.48,Difficult to Maintain
Theme.kt,2,1411.77,83,0,61.24,Difficult to Maintain
FarmerLandRepositoryImpl.kt,6,3895.47,172,0,43.24,Difficult to Maintain
AuthRepositoryImpl.kt,7,1432.52,76,0,61.44,Difficult to Maintain
AGCardWarning.kt,1,952.55,78,0,64.52,Difficult to Maintain
AGDiscussionCard.kt,3,3085.84,212,0,41.75,Difficult to Maintain
AGBubbleMessage.kt,1,1957.95,129,0,52.63,Difficult to Maintain
AGChatInputText.kt,2,1201.58,107,0,57.96,Difficult to Maintain
NetworkModule.kt,1,894.97,83,0,63.84,Difficult to Maintain
AGWeatherInformation.kt,1,1272.51,102,0,58.67,Difficult to Maintain
AGWeatherInfo.kt,1,1792.59,140,0,51.76,Difficult to Maintain
AGCapitalCard.kt,1,1445.37,128,0,54.33,Difficult to Maintain
HtmlText.kt,12,1833.7,118,0,51.88,Difficult to Maintain
DateUtils.kt,5,1977.98,83,0,58.8,Difficult to Maintain
FileUtils.kt,7,2242.98,111,0,52.97,Difficult to Maintain
AGMessageDialogContent.kt,1,928.11,79,0,64.45,Difficult to Maintain
AGTab.kt,2,1093.66,92,0,60.9,Difficult to Maintain
AGNewsCard.kt,1,1233.31,110,0,57.61,Difficult to Maintain
AGTopAppBar.kt,1,2322.0,176,0,46.71,Difficult to Maintain
LandAddViewModel.kt,33,8290.42,395,8,59.09,Difficult to Maintain
HelpPlanScreen.kt,1,1198.01,72,0,64.63,Difficult to Maintain
FarmerCalculatorScreen.kt,1,1668.41,90,0,59.29,Difficult to Maintain
LandDetailActivityScreen.kt,25,12534.11,619,0,12.05,Difficult to Maintain
LandDetailActivityViewModel.kt,18,3025.22,200,0,39.35,Difficult to Maintain
LandDetailActivityAddViewModel.kt,49,8621.22,421,7,59.7,Difficult to Maintain
LandAddScreen.kt,33,12129.0,606,2,49.92,Difficult to Maintain
PlantingRepositoryImpl.kt,5,1428.76,77,0,61.7,Difficult to Maintain
PlantDiseaseRepositoryImpl.kt,9,1513.93,86,0,58.69,Difficult to Maintain
FarmerLandGraph.kt,1,937.66,82,0,63.8,Difficult to Maintain
AGNavbar.kt,3,1303.1,119,0,55.59,Difficult to Maintain
SignupViewModel.kt,22,5980.09,330,0,26.77,Difficult to Maintain
AGMessageDialog.kt,1,908.55,79,0,64.56,Difficult to Maintain
AGLandDetailCard.kt,1,2368.86,168,0,47.36,Difficult to Maintain
AGLandCard.kt,1,2274.59,169,0,47.47,Difficult to Maintain
AGInput.kt,20,20333.28,884,0,4.91,Difficult to Maintain
AGExploreMenu.kt,1,907.03,77,0,64.99,Difficult to Maintain
SignupFarmerScreen.kt,21,7668.82,311,0,26.67,Difficult to Maintain
SignupCollectorViewModel.kt,21,5615.25,318,0,27.93,Difficult to Maintain
LandActivityRepository.kt,1,0.0,3,0,0.0,Difficult to Maintain
SignupCollectorScreen.kt,21,7661.11,311,0,26.68,Difficult to Maintain
SignInScreen.kt,5,3237.04,208,0,41.35,Difficult to Maintain
SignInViewModel.kt,13,1816.91,139,0,49.05,Difficult to Maintain
ResetPasswordScreen.kt,3,1846.42,124,0,53.11,Difficult to Maintain
ResetPasswordViewModel.kt,4,920.5,82,0,63.2,Difficult to Maintain
AGButton.kt,3,2403.39,159,0,47.71,Difficult to Maintain
ForgotPasswordViewModel.kt,9,1110.09,97,0,58.36,Difficult to Maintain
GetStarted.kt,4,3267.54,205,0,41.77,Difficult to Maintain
AGFilterSheet.kt,4,7568.31,369,13,37.7,Difficult to Maintain
AGDisinfectantRecommendationCard.kt,1,1112.52,95,0,60.52,Difficult to Maintain
SpreadOfDiseaseScreen.kt,4,4502.53,278,0,35.17,Difficult to Maintain
SignupScreen.kt,22,8467.85,361,0,23.51,Difficult to Maintain
SignupFarmerViewModel.kt,21,5615.25,318,0,27.93,Difficult to Maintain
ForgotPasswordScreen.kt,4,1658.4,121,0,53.84,Difficult to Maintain
EmailVerificationViewModel.kt,4,925.29,84,0,62.78,Difficult to Maintain
ProfileScreen.kt,5,5248.71,311,0,32.32,Difficult to Maintain
EmailVerificationScreen.kt,4,2971.04,183,0,44.1,Difficult to Maintain
PlantRecommendationScreen.kt,1,1611.29,107,0,56.67,Difficult to Maintain
SignupRoleChooserScreen.kt,1,1428.9,100,0,58.39,Difficult to Maintain
PlantHealthScreen.kt,1,1877.86,111,0,55.28,Difficult to Maintain
PlantNutritionContent.kt,5,5370.71,357,0,29.97,Difficult to Maintain
LandActivityAddScreen.kt,4,2906.78,187,0,43.87,Difficult to Maintain
NewsScreen.kt,4,1601.17,136,0,52.13,Difficult to Maintain
LandEditScreen.kt,33,11792.45,558,2,52.55,Difficult to Maintain
LandEditViewModel.kt,36,9343.35,438,8,59.3,Difficult to Maintain
Color.kt,1,1479.33,80,0,61.82,Difficult to Maintain
LocalDataStore.kt,1,1044.72,83,0,63.04,Difficult to Maintain
AgrimateDestinations.kt,1,3821.3,110,15,28.14,Difficult to Maintain
LandDetailActivityAddScreen.kt,21,8014.34,434,0,21.04,Difficult to Maintain
CheckDiseaseScreen.kt,10,5703.48,338,12,38.65,Difficult to Maintain
NotificationScreen.kt,3,1008.95,112,0,57.9,Difficult to Maintain
LandReportAddScreen.kt,1,1497.93,116,0,55.74,Difficult to Maintain
LandDetailScreen.kt,12,5635.18,344,0,28.71,Difficult to Maintain
ChatScreen.kt,1,1285.14,100,0,58.94,Difficult to Maintain
