file,loc_mi
ExampleInstrumentedTest.kt,14
AgrimateApplication.kt,5
BaseViewModel.kt,15
FormHandler.kt,5
AppModule.kt,60
LibraryModule.kt,19
MainActivity.kt,35
CapitalScreen.kt,55
ChatScreen.kt,100
UserChatScreen.kt,77
UserChatViewModel.kt,15
DiscussionScreen.kt,68
FarmerCalculatorScreen.kt,90
HelpHarvestScreen.kt,73
HelpPlanScreen.kt,72
HomeScreen.kt,346
HomeUiState.kt,8
HomeViewModel.kt,68
LandAddScreen.kt,606
LandAddUiState.kt,27
LandAddViewModel.kt,395
LandDetailActivityAddScreen.kt,434
LandDetailActivityAddUiState.kt,45
LandDetailActivityAddViewModel.kt,421
LandDetailActivityScreen.kt,619
LandDetailActivityUiState.kt,11
LandDetailActivityViewModel.kt,200
LandActivityAddScreen.kt,187
LandActivityEditScreen.kt,5
LandActivityScreen.kt,65
LandReportAddScreen.kt,116
LandReportScreen.kt,5
LandDetailScreen.kt,344
LandDetailUiState.kt,8
LandDetailViewModel.kt,45
PlantNutritionContent.kt,357
LandEditScreen.kt,558
LandEditUiState.kt,28
LandEditViewModel.kt,438
LandScreen.kt,257
LandUiState.kt,4
LandViewModel.kt,62
NewsScreen.kt,136
NewsViewModel.kt,10
NewsDetailScreen.kt,49
NewsDetailViewModel.kt,16
NotificationScreen.kt,112
CheckDiseaseScreen.kt,338
CheckDiseaseUiState.kt,4
CheckDiseaseViewModel.kt,70
DiseaseDetailScreen.kt,181
DiseaseDetailViewModel.kt,47
PlantHealthScreen.kt,111
SpreadOfDiseaseScreen.kt,278
PlantRecommendationScreen.kt,107
ProfileScreen.kt,311
ProfileUiState.kt,5
ProfileViewModel.kt,65
WeatherForecastScreen.kt,117
EmailVerificationScreen.kt,183
EmailVerificationUiState.kt,8
EmailVerificationViewModel.kt,84
TimerViewModel.kt,37
ForgotPasswordScreen.kt,121
ForgotPasswordUiState.kt,8
ForgotPasswordViewModel.kt,97
GetStarted.kt,205
ResetPasswordScreen.kt,124
ResetPasswordUiState.kt,7
ResetPasswordViewModel.kt,82
SignInScreen.kt,208
SignInUiState.kt,10
SignInViewModel.kt,139
SignupCollectorScreen.kt,311
SignupCollectorUiState.kt,27
SignupCollectorViewModel.kt,318
SignupFarmerScreen.kt,311
SignupFarmerUiState.kt,27
SignupFarmerViewModel.kt,318
SignupRoleChooserScreen.kt,100
SignupScreen.kt,361
SignupUiState.kt,34
SignupViewModel.kt,330
SplashScreen.kt,65
SplashViewModel.kt,45
CroppingPatternSelectInputImpl.kt,4
PlantCategorySelectInputImpl.kt,8
PlantCommoditySelectInputImpl.kt,5
ProfessionSelectInputImpl.kt,6
RegionSelectInputImpl.kt,6
UnitSelectInputImpl.kt,11
NavBarMenu.kt,12
UiState.kt,6
AGActionDropdown.kt,22
AGAuthNavAsk.kt,58
AGAuthTopBanner.kt,41
AGButton.kt,159
AGCameraPreview.kt,56
AGCard.kt,73
AGCardWarning.kt,78
AGDialog.kt,73
AGDisinfectantRecommendationCard.kt,95
AGDivider.kt,11
AGDropdownMenuItem.kt,31
AGExploreMenu.kt,77
AGFeatureCard.kt,70
AGFilterSheet.kt,369
AGInput.kt,884
AGLabelChip.kt,45
AGLandCard.kt,169
AGLandDetailCard.kt,168
AGMessageDialog.kt,79
AGNavbar.kt,119
AGNewsCard.kt,110
AGNotificationCard.kt,128
AGPermissionDialog.kt,75
AGTab.kt,92
AGTextOverview.kt,71
AGTopAppBar.kt,176
AGWeatherDayCard.kt,97
AGWeatherHourCard.kt,70
AGWeatherInfo.kt,140
AGWeatherInformation.kt,102
AGCapitalCard.kt,128
AGDiscussionCard.kt,212
AGBubbleMessage.kt,129
AGChatCard.kt,89
AGChatInputText.kt,107
AGDeleteConfirmDialog.kt,53
AGFailedHarvestConfirmDialog.kt,53
AGMessageDialogContent.kt,79
AGSuccessHarvestConfirmDialog.kt,53
CharacterStyle.kt,13
HtmlText.kt,118
MetricAffectingSpan.kt,44
AGMaps.kt,57
AGMapsCrosshair.kt,19
AGMapsMarkerController.kt,49
AGMapsPolygonDefault.kt,23
AGMapsPolygonMarker.kt,43
ExploreMenuModel.kt,6
FeatureCardModel.kt,7
NavbarMenuModel.kt,6
ShimmerBrush.kt,39
NumberTransformation.kt,20
Effect.kt,35
AgrimateDestinations.kt,110
AgrimateNavGraph.kt,25
FarmerGraph.kt,18
FarmerLandGraph.kt,82
FarmerMainGraph.kt,32
FarmerOtherGraph.kt,100
AuthGraph.kt,43
OnBoardingGraph.kt,21
Color.kt,80
Theme.kt,83
Type.kt,158
AGWebView.kt,21
CameraAnalyzer.kt,49
DateUtils.kt,83
FileUtils.kt,111
FormatUtils.kt,24
PermissionManager.kt,42
TimeUtils.kt,35
UiUtils.kt,9
ValidationUtils.kt,16
ExampleUnitTest.kt,9
DateUtilsTest.kt,29
FormatUtilsTest.kt,15
ExampleInstrumentedTest.kt,14
AuthRepositoryImpl.kt,76
CommodityRepositoryImpl.kt,24
DataStoreRepositoryImpl.kt,23
FarmerLandRepositoryImpl.kt,172
HarvestRepositoryImpl.kt,34
LandActivityRepositoryImpl.kt,7
NewsRepositoryImpl.kt,26
PlantDiseaseRepositoryImpl.kt,86
PlantingRepositoryImpl.kt,77
RegionRepositoryImpl.kt,40
LocalDataStore.kt,83
AuthRemoteDataSource.kt,23
CheckOTPBody.kt,4
CreateFarmerLandBody.kt,12
CreatePlantingBody.kt,13
ForgotPasswordBody.kt,4
HarvestBody.kt,6
LandActivityBody.kt,15
ResetPasswordBody.kt,6
SignInBody.kt,5
SignUpBody.kt,18
CommodityRemoteDataSource.kt,7
DiseaseDetectionRemoteDataSource.kt,17
FarmerLandRemoteDataSource.kt,14
HarvestRemoteDataSource.kt,8
LandActivityRemoteDataSource.kt,9
ApiResponse.kt,6
AuthService.kt,34
CommodityService.kt,12
FarmerLandService.kt,32
HarvestService.kt,12
LandActivityService.kt,15
PlantDiseaseDetectionService.kt,23
PlantingService.kt,17
RegionService.kt,14
NewsRemoteDataSource.kt,41
PlantingRemoteDataSource.kt,9
RegionRemoteDataSource.kt,28
AuthMeResponse.kt,16
CheckOTPResponse.kt,12
RefreshTokenResponse.kt,6
SignInResponse.kt,8
SignUpResponse.kt,18
CommodityDataResponse.kt,30
DiseaseDetectionResponse.kt,18
ResponseDiseaseDetectionAPI.kt,22
FarmerLandListItemResponse.kt,40
FarmerLandResponse.kt,32
RemainingLandAreaResponse.kt,8
HarvestReponse.kt,18
NewsItemResponse.kt,8
PlantingDataResponse.kt,35
PlantingListDataResponse.kt,21
RegionResponse.kt,8
Response.kt,12
ResponseMessage.kt,9
FirebaseModule.kt,16
LocalModule.kt,18
NetworkModule.kt,83
RepositoryModule.kt,45
AuthMeModel.kt,7
CheckOTPModel.kt,10
CommodityModel.kt,6
CreateFarmerLandModel.kt,3
CroppingPatternModel.kt,5
FarmerLandListItemModel.kt,9
FarmerLandModel.kt,18
ForgotPasswordModel.kt,6
HarvestModel.kt,10
LogoutModel.kt,2
NewsModel.kt,8
PlantDiseaseDetectionModel.kt,10
PlantDiseasePredictionModel.kt,6
PlantingListItemModel.kt,10
PlantingModel.kt,22
PlantNutritionModel.kt,7
RegionModel.kt,5
RemainingLandAreaModel.kt,5
ResetPasswordModel.kt,5
SignInModel.kt,8
SignUpModel.kt,6
UploadImageModel.kt,4
AuthRepository.kt,24
CommodityRepository.kt,7
DataStoreRepository.kt,17
FarmerLandRepository.kt,24
HarvestRepository.kt,8
LandActivityRepository.kt,3
NewsRepository.kt,7
PlantDiseaseRepository.kt,12
PlantingRepository.kt,11
RegionRepository.kt,7
AuthInteractor.kt,31
AuthUseCase.kt,24
CommodityInteractor.kt,11
CommodityUseCase.kt,7
DataStoreInteractor.kt,22
DataStoreUseCase.kt,17
FarmerLandDetailnteractor.kt,17
FarmerLandDetailUseCase.kt,11
FarmerLandInteractor.kt,29
FarmerLandUseCase.kt,20
HarvestInteractor.kt,13
HarvestUseCase.kt,8
NewsInteractor.kt,9
NewsUseCase.kt,7
PlantDiseaseInteractor.kt,18
PlantDiseaseUseCase.kt,13
PlantingInteractor.kt,17
PlantingUseCase.kt,11
RegionInteractor.kt,17
RegionUseCase.kt,10
AuthMeMapper.kt,15
CheckOTPMapper.kt,18
CreateFarmerLandMapper.kt,13
ForgotPasswordMapper.kt,13
PlantDiseaseDetectionMapper.kt,20
PlantDiseasePredictionMapper.kt,15
PlantingMapper.kt,30
RegionMapper.kt,13
RemainingLandAreaMapper.kt,15
SignInMapper.kt,16
SignUpMapper.kt,14
UploadImageMapper.kt,9
AuthAuthenticator.kt,53
AuthInterceptor.kt,19
ErrorUtils.kt,29
Mapper.kt,4
RequestFlow.kt,32
Resource.kt,6
ExampleUnitTest.kt,9
