file_name,file_path,cyclomatic_complexity
ExampleInstrumentedTest.kt,C:\Users\dewat\Desktop\Project Skripsi Agrimate\agrimate-android\app\src\androidTest\java\com\codelabs\agrimate\ExampleInstrumentedTest.kt,1
AgrimateApplication.kt,C:\Users\dewat\Desktop\Project Skripsi Agrimate\agrimate-android\app\src\main\java\com\codelabs\agrimate\AgrimateApplication.kt,1
BaseViewModel.kt,C:\Users\dewat\Desktop\Project Skripsi Agrimate\agrimate-android\app\src\main\java\com\codelabs\agrimate\common\BaseViewModel.kt,1
FormHandler.kt,C:\Users\dewat\Desktop\Project Skripsi Agrimate\agrimate-android\app\src\main\java\com\codelabs\agrimate\common\FormHandler.kt,1
AppModule.kt,C:\Users\dewat\Desktop\Project Skripsi Agrimate\agrimate-android\app\src\main\java\com\codelabs\agrimate\di\AppModule.kt,1
LibraryModule.kt,C:\Users\dewat\Desktop\Project Skripsi Agrimate\agrimate-android\app\src\main\java\com\codelabs\agrimate\di\LibraryModule.kt,1
MainActivity.kt,C:\Users\dewat\Desktop\Project Skripsi Agrimate\agrimate-android\app\src\main\java\com\codelabs\agrimate\MainActivity.kt,1
CapitalScreen.kt,C:\Users\dewat\Desktop\Project Skripsi Agrimate\agrimate-android\app\src\main\java\com\codelabs\agrimate\screens\farmer\capital\CapitalScreen.kt,1
ChatScreen.kt,C:\Users\dewat\Desktop\Project Skripsi Agrimate\agrimate-android\app\src\main\java\com\codelabs\agrimate\screens\farmer\chat\ChatScreen.kt,1
UserChatScreen.kt,C:\Users\dewat\Desktop\Project Skripsi Agrimate\agrimate-android\app\src\main\java\com\codelabs\agrimate\screens\farmer\chat\UserChatScreen.kt,1
UserChatViewModel.kt,C:\Users\dewat\Desktop\Project Skripsi Agrimate\agrimate-android\app\src\main\java\com\codelabs\agrimate\screens\farmer\chat\UserChatViewModel.kt,1
DiscussionScreen.kt,C:\Users\dewat\Desktop\Project Skripsi Agrimate\agrimate-android\app\src\main\java\com\codelabs\agrimate\screens\farmer\discussion\DiscussionScreen.kt,1
FarmerCalculatorScreen.kt,C:\Users\dewat\Desktop\Project Skripsi Agrimate\agrimate-android\app\src\main\java\com\codelabs\agrimate\screens\farmer\farmercalculator\FarmerCalculatorScreen.kt,1
HelpHarvestScreen.kt,C:\Users\dewat\Desktop\Project Skripsi Agrimate\agrimate-android\app\src\main\java\com\codelabs\agrimate\screens\farmer\helpharvest\HelpHarvestScreen.kt,1
HelpPlanScreen.kt,C:\Users\dewat\Desktop\Project Skripsi Agrimate\agrimate-android\app\src\main\java\com\codelabs\agrimate\screens\farmer\helpplan\HelpPlanScreen.kt,1
HomeScreen.kt,C:\Users\dewat\Desktop\Project Skripsi Agrimate\agrimate-android\app\src\main\java\com\codelabs\agrimate\screens\farmer\home\HomeScreen.kt,4
HomeUiState.kt,C:\Users\dewat\Desktop\Project Skripsi Agrimate\agrimate-android\app\src\main\java\com\codelabs\agrimate\screens\farmer\home\HomeUiState.kt,1
HomeViewModel.kt,C:\Users\dewat\Desktop\Project Skripsi Agrimate\agrimate-android\app\src\main\java\com\codelabs\agrimate\screens\farmer\home\HomeViewModel.kt,5
LandAddScreen.kt,C:\Users\dewat\Desktop\Project Skripsi Agrimate\agrimate-android\app\src\main\java\com\codelabs\agrimate\screens\farmer\land\add\LandAddScreen.kt,33
LandAddUiState.kt,C:\Users\dewat\Desktop\Project Skripsi Agrimate\agrimate-android\app\src\main\java\com\codelabs\agrimate\screens\farmer\land\add\LandAddUiState.kt,1
LandAddViewModel.kt,C:\Users\dewat\Desktop\Project Skripsi Agrimate\agrimate-android\app\src\main\java\com\codelabs\agrimate\screens\farmer\land\add\LandAddViewModel.kt,33
LandDetailActivityAddScreen.kt,C:\Users\dewat\Desktop\Project Skripsi Agrimate\agrimate-android\app\src\main\java\com\codelabs\agrimate\screens\farmer\land\detail\activity\add\LandDetailActivityAddScreen.kt,21
LandDetailActivityAddUiState.kt,C:\Users\dewat\Desktop\Project Skripsi Agrimate\agrimate-android\app\src\main\java\com\codelabs\agrimate\screens\farmer\land\detail\activity\add\LandDetailActivityAddUiState.kt,1
LandDetailActivityAddViewModel.kt,C:\Users\dewat\Desktop\Project Skripsi Agrimate\agrimate-android\app\src\main\java\com\codelabs\agrimate\screens\farmer\land\detail\activity\add\LandDetailActivityAddViewModel.kt,49
LandDetailActivityScreen.kt,C:\Users\dewat\Desktop\Project Skripsi Agrimate\agrimate-android\app\src\main\java\com\codelabs\agrimate\screens\farmer\land\detail\activity\detail\LandDetailActivityScreen.kt,25
LandDetailActivityUiState.kt,C:\Users\dewat\Desktop\Project Skripsi Agrimate\agrimate-android\app\src\main\java\com\codelabs\agrimate\screens\farmer\land\detail\activity\detail\LandDetailActivityUiState.kt,1
LandDetailActivityViewModel.kt,C:\Users\dewat\Desktop\Project Skripsi Agrimate\agrimate-android\app\src\main\java\com\codelabs\agrimate\screens\farmer\land\detail\activity\detail\LandDetailActivityViewModel.kt,18
LandActivityAddScreen.kt,C:\Users\dewat\Desktop\Project Skripsi Agrimate\agrimate-android\app\src\main\java\com\codelabs\agrimate\screens\farmer\land\detail\activity\LandActivityAddScreen.kt,4
LandActivityEditScreen.kt,C:\Users\dewat\Desktop\Project Skripsi Agrimate\agrimate-android\app\src\main\java\com\codelabs\agrimate\screens\farmer\land\detail\activity\LandActivityEditScreen.kt,1
LandActivityScreen.kt,C:\Users\dewat\Desktop\Project Skripsi Agrimate\agrimate-android\app\src\main\java\com\codelabs\agrimate\screens\farmer\land\detail\activity\LandActivityScreen.kt,1
LandReportAddScreen.kt,C:\Users\dewat\Desktop\Project Skripsi Agrimate\agrimate-android\app\src\main\java\com\codelabs\agrimate\screens\farmer\land\detail\activity\LandReportAddScreen.kt,1
LandReportScreen.kt,C:\Users\dewat\Desktop\Project Skripsi Agrimate\agrimate-android\app\src\main\java\com\codelabs\agrimate\screens\farmer\land\detail\activity\LandReportScreen.kt,1
LandDetailScreen.kt,C:\Users\dewat\Desktop\Project Skripsi Agrimate\agrimate-android\app\src\main\java\com\codelabs\agrimate\screens\farmer\land\detail\LandDetailScreen.kt,12
LandDetailUiState.kt,C:\Users\dewat\Desktop\Project Skripsi Agrimate\agrimate-android\app\src\main\java\com\codelabs\agrimate\screens\farmer\land\detail\LandDetailUiState.kt,1
LandDetailViewModel.kt,C:\Users\dewat\Desktop\Project Skripsi Agrimate\agrimate-android\app\src\main\java\com\codelabs\agrimate\screens\farmer\land\detail\LandDetailViewModel.kt,1
PlantNutritionContent.kt,C:\Users\dewat\Desktop\Project Skripsi Agrimate\agrimate-android\app\src\main\java\com\codelabs\agrimate\screens\farmer\land\detail\PlantNutritionContent.kt,5
LandEditScreen.kt,C:\Users\dewat\Desktop\Project Skripsi Agrimate\agrimate-android\app\src\main\java\com\codelabs\agrimate\screens\farmer\land\edit\LandEditScreen.kt,33
LandEditUiState.kt,C:\Users\dewat\Desktop\Project Skripsi Agrimate\agrimate-android\app\src\main\java\com\codelabs\agrimate\screens\farmer\land\edit\LandEditUiState.kt,1
LandEditViewModel.kt,C:\Users\dewat\Desktop\Project Skripsi Agrimate\agrimate-android\app\src\main\java\com\codelabs\agrimate\screens\farmer\land\edit\LandEditViewModel.kt,36
LandScreen.kt,C:\Users\dewat\Desktop\Project Skripsi Agrimate\agrimate-android\app\src\main\java\com\codelabs\agrimate\screens\farmer\land\LandScreen.kt,7
LandUiState.kt,C:\Users\dewat\Desktop\Project Skripsi Agrimate\agrimate-android\app\src\main\java\com\codelabs\agrimate\screens\farmer\land\LandUiState.kt,1
LandViewModel.kt,C:\Users\dewat\Desktop\Project Skripsi Agrimate\agrimate-android\app\src\main\java\com\codelabs\agrimate\screens\farmer\land\LandViewModel.kt,7
NewsScreen.kt,C:\Users\dewat\Desktop\Project Skripsi Agrimate\agrimate-android\app\src\main\java\com\codelabs\agrimate\screens\farmer\news\NewsScreen.kt,4
NewsViewModel.kt,C:\Users\dewat\Desktop\Project Skripsi Agrimate\agrimate-android\app\src\main\java\com\codelabs\agrimate\screens\farmer\news\NewsViewModel.kt,1
NewsDetailScreen.kt,C:\Users\dewat\Desktop\Project Skripsi Agrimate\agrimate-android\app\src\main\java\com\codelabs\agrimate\screens\farmer\newsdetail\NewsDetailScreen.kt,1
NewsDetailViewModel.kt,C:\Users\dewat\Desktop\Project Skripsi Agrimate\agrimate-android\app\src\main\java\com\codelabs\agrimate\screens\farmer\newsdetail\NewsDetailViewModel.kt,1
NotificationScreen.kt,C:\Users\dewat\Desktop\Project Skripsi Agrimate\agrimate-android\app\src\main\java\com\codelabs\agrimate\screens\farmer\notification\NotificationScreen.kt,3
CheckDiseaseScreen.kt,C:\Users\dewat\Desktop\Project Skripsi Agrimate\agrimate-android\app\src\main\java\com\codelabs\agrimate\screens\farmer\planthealth\CheckDiseaseScreen.kt,10
CheckDiseaseUiState.kt,C:\Users\dewat\Desktop\Project Skripsi Agrimate\agrimate-android\app\src\main\java\com\codelabs\agrimate\screens\farmer\planthealth\CheckDiseaseUiState.kt,1
CheckDiseaseViewModel.kt,C:\Users\dewat\Desktop\Project Skripsi Agrimate\agrimate-android\app\src\main\java\com\codelabs\agrimate\screens\farmer\planthealth\CheckDiseaseViewModel.kt,4
DiseaseDetailScreen.kt,C:\Users\dewat\Desktop\Project Skripsi Agrimate\agrimate-android\app\src\main\java\com\codelabs\agrimate\screens\farmer\planthealth\DiseaseDetailScreen.kt,4
DiseaseDetailViewModel.kt,C:\Users\dewat\Desktop\Project Skripsi Agrimate\agrimate-android\app\src\main\java\com\codelabs\agrimate\screens\farmer\planthealth\DiseaseDetailViewModel.kt,4
PlantHealthScreen.kt,C:\Users\dewat\Desktop\Project Skripsi Agrimate\agrimate-android\app\src\main\java\com\codelabs\agrimate\screens\farmer\planthealth\PlantHealthScreen.kt,1
SpreadOfDiseaseScreen.kt,C:\Users\dewat\Desktop\Project Skripsi Agrimate\agrimate-android\app\src\main\java\com\codelabs\agrimate\screens\farmer\planthealth\SpreadOfDiseaseScreen.kt,4
PlantRecommendationScreen.kt,C:\Users\dewat\Desktop\Project Skripsi Agrimate\agrimate-android\app\src\main\java\com\codelabs\agrimate\screens\farmer\plantrecommendation\PlantRecommendationScreen.kt,1
ProfileScreen.kt,C:\Users\dewat\Desktop\Project Skripsi Agrimate\agrimate-android\app\src\main\java\com\codelabs\agrimate\screens\farmer\profile\ProfileScreen.kt,5
ProfileUiState.kt,C:\Users\dewat\Desktop\Project Skripsi Agrimate\agrimate-android\app\src\main\java\com\codelabs\agrimate\screens\farmer\profile\ProfileUiState.kt,1
ProfileViewModel.kt,C:\Users\dewat\Desktop\Project Skripsi Agrimate\agrimate-android\app\src\main\java\com\codelabs\agrimate\screens\farmer\profile\ProfileViewModel.kt,4
WeatherForecastScreen.kt,C:\Users\dewat\Desktop\Project Skripsi Agrimate\agrimate-android\app\src\main\java\com\codelabs\agrimate\screens\farmer\weather_forecast\WeatherForecastScreen.kt,2
EmailVerificationScreen.kt,C:\Users\dewat\Desktop\Project Skripsi Agrimate\agrimate-android\app\src\main\java\com\codelabs\agrimate\screens\shared\emailverification\EmailVerificationScreen.kt,4
EmailVerificationUiState.kt,C:\Users\dewat\Desktop\Project Skripsi Agrimate\agrimate-android\app\src\main\java\com\codelabs\agrimate\screens\shared\emailverification\EmailVerificationUiState.kt,1
EmailVerificationViewModel.kt,C:\Users\dewat\Desktop\Project Skripsi Agrimate\agrimate-android\app\src\main\java\com\codelabs\agrimate\screens\shared\emailverification\EmailVerificationViewModel.kt,4
TimerViewModel.kt,C:\Users\dewat\Desktop\Project Skripsi Agrimate\agrimate-android\app\src\main\java\com\codelabs\agrimate\screens\shared\emailverification\TimerViewModel.kt,3
ForgotPasswordScreen.kt,C:\Users\dewat\Desktop\Project Skripsi Agrimate\agrimate-android\app\src\main\java\com\codelabs\agrimate\screens\shared\forgotpassword\ForgotPasswordScreen.kt,4
ForgotPasswordUiState.kt,C:\Users\dewat\Desktop\Project Skripsi Agrimate\agrimate-android\app\src\main\java\com\codelabs\agrimate\screens\shared\forgotpassword\ForgotPasswordUiState.kt,1
ForgotPasswordViewModel.kt,C:\Users\dewat\Desktop\Project Skripsi Agrimate\agrimate-android\app\src\main\java\com\codelabs\agrimate\screens\shared\forgotpassword\ForgotPasswordViewModel.kt,9
GetStarted.kt,C:\Users\dewat\Desktop\Project Skripsi Agrimate\agrimate-android\app\src\main\java\com\codelabs\agrimate\screens\shared\getstarted\GetStarted.kt,4
ResetPasswordScreen.kt,C:\Users\dewat\Desktop\Project Skripsi Agrimate\agrimate-android\app\src\main\java\com\codelabs\agrimate\screens\shared\resetpassword\ResetPasswordScreen.kt,3
ResetPasswordUiState.kt,C:\Users\dewat\Desktop\Project Skripsi Agrimate\agrimate-android\app\src\main\java\com\codelabs\agrimate\screens\shared\resetpassword\ResetPasswordUiState.kt,1
ResetPasswordViewModel.kt,C:\Users\dewat\Desktop\Project Skripsi Agrimate\agrimate-android\app\src\main\java\com\codelabs\agrimate\screens\shared\resetpassword\ResetPasswordViewModel.kt,4
SignInScreen.kt,C:\Users\dewat\Desktop\Project Skripsi Agrimate\agrimate-android\app\src\main\java\com\codelabs\agrimate\screens\shared\signin\SignInScreen.kt,5
SignInUiState.kt,C:\Users\dewat\Desktop\Project Skripsi Agrimate\agrimate-android\app\src\main\java\com\codelabs\agrimate\screens\shared\signin\SignInUiState.kt,1
SignInViewModel.kt,C:\Users\dewat\Desktop\Project Skripsi Agrimate\agrimate-android\app\src\main\java\com\codelabs\agrimate\screens\shared\signin\SignInViewModel.kt,13
SignupCollectorScreen.kt,C:\Users\dewat\Desktop\Project Skripsi Agrimate\agrimate-android\app\src\main\java\com\codelabs\agrimate\screens\shared\signup\collector\SignupCollectorScreen.kt,21
SignupCollectorUiState.kt,C:\Users\dewat\Desktop\Project Skripsi Agrimate\agrimate-android\app\src\main\java\com\codelabs\agrimate\screens\shared\signup\collector\SignupCollectorUiState.kt,1
SignupCollectorViewModel.kt,C:\Users\dewat\Desktop\Project Skripsi Agrimate\agrimate-android\app\src\main\java\com\codelabs\agrimate\screens\shared\signup\collector\SignupCollectorViewModel.kt,21
SignupFarmerScreen.kt,C:\Users\dewat\Desktop\Project Skripsi Agrimate\agrimate-android\app\src\main\java\com\codelabs\agrimate\screens\shared\signup\farmer\SignupFarmerScreen.kt,21
SignupFarmerUiState.kt,C:\Users\dewat\Desktop\Project Skripsi Agrimate\agrimate-android\app\src\main\java\com\codelabs\agrimate\screens\shared\signup\farmer\SignupFarmerUiState.kt,1
SignupFarmerViewModel.kt,C:\Users\dewat\Desktop\Project Skripsi Agrimate\agrimate-android\app\src\main\java\com\codelabs\agrimate\screens\shared\signup\farmer\SignupFarmerViewModel.kt,21
SignupRoleChooserScreen.kt,C:\Users\dewat\Desktop\Project Skripsi Agrimate\agrimate-android\app\src\main\java\com\codelabs\agrimate\screens\shared\signup\SignupRoleChooserScreen.kt,1
SignupScreen.kt,C:\Users\dewat\Desktop\Project Skripsi Agrimate\agrimate-android\app\src\main\java\com\codelabs\agrimate\screens\shared\signup\SignupScreen.kt,22
SignupUiState.kt,C:\Users\dewat\Desktop\Project Skripsi Agrimate\agrimate-android\app\src\main\java\com\codelabs\agrimate\screens\shared\signup\SignupUiState.kt,1
SignupViewModel.kt,C:\Users\dewat\Desktop\Project Skripsi Agrimate\agrimate-android\app\src\main\java\com\codelabs\agrimate\screens\shared\signup\SignupViewModel.kt,22
SplashScreen.kt,C:\Users\dewat\Desktop\Project Skripsi Agrimate\agrimate-android\app\src\main\java\com\codelabs\agrimate\screens\shared\splash\SplashScreen.kt,4
SplashViewModel.kt,C:\Users\dewat\Desktop\Project Skripsi Agrimate\agrimate-android\app\src\main\java\com\codelabs\agrimate\screens\shared\splash\SplashViewModel.kt,4
CroppingPatternSelectInputImpl.kt,C:\Users\dewat\Desktop\Project Skripsi Agrimate\agrimate-android\app\src\main\java\com\codelabs\agrimate\ui\common\impl\CroppingPatternSelectInputImpl.kt,1
PlantCategorySelectInputImpl.kt,C:\Users\dewat\Desktop\Project Skripsi Agrimate\agrimate-android\app\src\main\java\com\codelabs\agrimate\ui\common\impl\PlantCategorySelectInputImpl.kt,1
PlantCommoditySelectInputImpl.kt,C:\Users\dewat\Desktop\Project Skripsi Agrimate\agrimate-android\app\src\main\java\com\codelabs\agrimate\ui\common\impl\PlantCommoditySelectInputImpl.kt,1
ProfessionSelectInputImpl.kt,C:\Users\dewat\Desktop\Project Skripsi Agrimate\agrimate-android\app\src\main\java\com\codelabs\agrimate\ui\common\impl\ProfessionSelectInputImpl.kt,1
RegionSelectInputImpl.kt,C:\Users\dewat\Desktop\Project Skripsi Agrimate\agrimate-android\app\src\main\java\com\codelabs\agrimate\ui\common\impl\RegionSelectInputImpl.kt,1
UnitSelectInputImpl.kt,C:\Users\dewat\Desktop\Project Skripsi Agrimate\agrimate-android\app\src\main\java\com\codelabs\agrimate\ui\common\impl\UnitSelectInputImpl.kt,1
NavBarMenu.kt,C:\Users\dewat\Desktop\Project Skripsi Agrimate\agrimate-android\app\src\main\java\com\codelabs\agrimate\ui\common\menu\NavBarMenu.kt,1
UiState.kt,C:\Users\dewat\Desktop\Project Skripsi Agrimate\agrimate-android\app\src\main\java\com\codelabs\agrimate\ui\common\state\UiState.kt,1
AGActionDropdown.kt,C:\Users\dewat\Desktop\Project Skripsi Agrimate\agrimate-android\app\src\main\java\com\codelabs\agrimate\ui\components\AGActionDropdown.kt,1
AGAuthNavAsk.kt,C:\Users\dewat\Desktop\Project Skripsi Agrimate\agrimate-android\app\src\main\java\com\codelabs\agrimate\ui\components\AGAuthNavAsk.kt,1
AGAuthTopBanner.kt,C:\Users\dewat\Desktop\Project Skripsi Agrimate\agrimate-android\app\src\main\java\com\codelabs\agrimate\ui\components\AGAuthTopBanner.kt,1
AGButton.kt,C:\Users\dewat\Desktop\Project Skripsi Agrimate\agrimate-android\app\src\main\java\com\codelabs\agrimate\ui\components\AGButton.kt,3
AGCameraPreview.kt,C:\Users\dewat\Desktop\Project Skripsi Agrimate\agrimate-android\app\src\main\java\com\codelabs\agrimate\ui\components\AGCameraPreview.kt,1
AGCard.kt,C:\Users\dewat\Desktop\Project Skripsi Agrimate\agrimate-android\app\src\main\java\com\codelabs\agrimate\ui\components\AGCard.kt,2
AGCardWarning.kt,C:\Users\dewat\Desktop\Project Skripsi Agrimate\agrimate-android\app\src\main\java\com\codelabs\agrimate\ui\components\AGCardWarning.kt,1
AGDialog.kt,C:\Users\dewat\Desktop\Project Skripsi Agrimate\agrimate-android\app\src\main\java\com\codelabs\agrimate\ui\components\AGDialog.kt,1
AGDisinfectantRecommendationCard.kt,C:\Users\dewat\Desktop\Project Skripsi Agrimate\agrimate-android\app\src\main\java\com\codelabs\agrimate\ui\components\AGDisinfectantRecommendationCard.kt,1
AGDivider.kt,C:\Users\dewat\Desktop\Project Skripsi Agrimate\agrimate-android\app\src\main\java\com\codelabs\agrimate\ui\components\AGDivider.kt,1
AGDropdownMenuItem.kt,C:\Users\dewat\Desktop\Project Skripsi Agrimate\agrimate-android\app\src\main\java\com\codelabs\agrimate\ui\components\AGDropdownMenuItem.kt,1
AGExploreMenu.kt,C:\Users\dewat\Desktop\Project Skripsi Agrimate\agrimate-android\app\src\main\java\com\codelabs\agrimate\ui\components\AGExploreMenu.kt,1
AGFeatureCard.kt,C:\Users\dewat\Desktop\Project Skripsi Agrimate\agrimate-android\app\src\main\java\com\codelabs\agrimate\ui\components\AGFeatureCard.kt,1
AGFilterSheet.kt,C:\Users\dewat\Desktop\Project Skripsi Agrimate\agrimate-android\app\src\main\java\com\codelabs\agrimate\ui\components\AGFilterSheet.kt,4
AGInput.kt,C:\Users\dewat\Desktop\Project Skripsi Agrimate\agrimate-android\app\src\main\java\com\codelabs\agrimate\ui\components\AGInput.kt,20
AGLabelChip.kt,C:\Users\dewat\Desktop\Project Skripsi Agrimate\agrimate-android\app\src\main\java\com\codelabs\agrimate\ui\components\AGLabelChip.kt,2
AGLandCard.kt,C:\Users\dewat\Desktop\Project Skripsi Agrimate\agrimate-android\app\src\main\java\com\codelabs\agrimate\ui\components\AGLandCard.kt,1
AGLandDetailCard.kt,C:\Users\dewat\Desktop\Project Skripsi Agrimate\agrimate-android\app\src\main\java\com\codelabs\agrimate\ui\components\AGLandDetailCard.kt,1
AGMessageDialog.kt,C:\Users\dewat\Desktop\Project Skripsi Agrimate\agrimate-android\app\src\main\java\com\codelabs\agrimate\ui\components\AGMessageDialog.kt,1
AGNavbar.kt,C:\Users\dewat\Desktop\Project Skripsi Agrimate\agrimate-android\app\src\main\java\com\codelabs\agrimate\ui\components\AGNavbar.kt,3
AGNewsCard.kt,C:\Users\dewat\Desktop\Project Skripsi Agrimate\agrimate-android\app\src\main\java\com\codelabs\agrimate\ui\components\AGNewsCard.kt,1
AGNotificationCard.kt,C:\Users\dewat\Desktop\Project Skripsi Agrimate\agrimate-android\app\src\main\java\com\codelabs\agrimate\ui\components\AGNotificationCard.kt,1
AGPermissionDialog.kt,C:\Users\dewat\Desktop\Project Skripsi Agrimate\agrimate-android\app\src\main\java\com\codelabs\agrimate\ui\components\AGPermissionDialog.kt,3
AGTab.kt,C:\Users\dewat\Desktop\Project Skripsi Agrimate\agrimate-android\app\src\main\java\com\codelabs\agrimate\ui\components\AGTab.kt,2
AGTextOverview.kt,C:\Users\dewat\Desktop\Project Skripsi Agrimate\agrimate-android\app\src\main\java\com\codelabs\agrimate\ui\components\AGTextOverview.kt,1
AGTopAppBar.kt,C:\Users\dewat\Desktop\Project Skripsi Agrimate\agrimate-android\app\src\main\java\com\codelabs\agrimate\ui\components\AGTopAppBar.kt,1
AGWeatherDayCard.kt,C:\Users\dewat\Desktop\Project Skripsi Agrimate\agrimate-android\app\src\main\java\com\codelabs\agrimate\ui\components\AGWeatherDayCard.kt,1
AGWeatherHourCard.kt,C:\Users\dewat\Desktop\Project Skripsi Agrimate\agrimate-android\app\src\main\java\com\codelabs\agrimate\ui\components\AGWeatherHourCard.kt,1
AGWeatherInfo.kt,C:\Users\dewat\Desktop\Project Skripsi Agrimate\agrimate-android\app\src\main\java\com\codelabs\agrimate\ui\components\AGWeatherInfo.kt,1
AGWeatherInformation.kt,C:\Users\dewat\Desktop\Project Skripsi Agrimate\agrimate-android\app\src\main\java\com\codelabs\agrimate\ui\components\AGWeatherInformation.kt,1
AGCapitalCard.kt,C:\Users\dewat\Desktop\Project Skripsi Agrimate\agrimate-android\app\src\main\java\com\codelabs\agrimate\ui\components\card\AGCapitalCard.kt,1
AGDiscussionCard.kt,C:\Users\dewat\Desktop\Project Skripsi Agrimate\agrimate-android\app\src\main\java\com\codelabs\agrimate\ui\components\card\AGDiscussionCard.kt,3
AGBubbleMessage.kt,C:\Users\dewat\Desktop\Project Skripsi Agrimate\agrimate-android\app\src\main\java\com\codelabs\agrimate\ui\components\chat\AGBubbleMessage.kt,1
AGChatCard.kt,C:\Users\dewat\Desktop\Project Skripsi Agrimate\agrimate-android\app\src\main\java\com\codelabs\agrimate\ui\components\chat\AGChatCard.kt,1
AGChatInputText.kt,C:\Users\dewat\Desktop\Project Skripsi Agrimate\agrimate-android\app\src\main\java\com\codelabs\agrimate\ui\components\chat\AGChatInputText.kt,2
AGDeleteConfirmDialog.kt,C:\Users\dewat\Desktop\Project Skripsi Agrimate\agrimate-android\app\src\main\java\com\codelabs\agrimate\ui\components\dialog\AGDeleteConfirmDialog.kt,1
AGFailedHarvestConfirmDialog.kt,C:\Users\dewat\Desktop\Project Skripsi Agrimate\agrimate-android\app\src\main\java\com\codelabs\agrimate\ui\components\dialog\AGFailedHarvestConfirmDialog.kt,1
AGMessageDialogContent.kt,C:\Users\dewat\Desktop\Project Skripsi Agrimate\agrimate-android\app\src\main\java\com\codelabs\agrimate\ui\components\dialog\AGMessageDialogContent.kt,1
AGSuccessHarvestConfirmDialog.kt,C:\Users\dewat\Desktop\Project Skripsi Agrimate\agrimate-android\app\src\main\java\com\codelabs\agrimate\ui\components\dialog\AGSuccessHarvestConfirmDialog.kt,1
CharacterStyle.kt,C:\Users\dewat\Desktop\Project Skripsi Agrimate\agrimate-android\app\src\main\java\com\codelabs\agrimate\ui\components\htmltext\CharacterStyle.kt,1
HtmlText.kt,C:\Users\dewat\Desktop\Project Skripsi Agrimate\agrimate-android\app\src\main\java\com\codelabs\agrimate\ui\components\htmltext\HtmlText.kt,12
MetricAffectingSpan.kt,C:\Users\dewat\Desktop\Project Skripsi Agrimate\agrimate-android\app\src\main\java\com\codelabs\agrimate\ui\components\htmltext\MetricAffectingSpan.kt,6
AGMaps.kt,C:\Users\dewat\Desktop\Project Skripsi Agrimate\agrimate-android\app\src\main\java\com\codelabs\agrimate\ui\components\maps\AGMaps.kt,3
AGMapsCrosshair.kt,C:\Users\dewat\Desktop\Project Skripsi Agrimate\agrimate-android\app\src\main\java\com\codelabs\agrimate\ui\components\maps\AGMapsCrosshair.kt,1
AGMapsMarkerController.kt,C:\Users\dewat\Desktop\Project Skripsi Agrimate\agrimate-android\app\src\main\java\com\codelabs\agrimate\ui\components\maps\AGMapsMarkerController.kt,1
AGMapsPolygonDefault.kt,C:\Users\dewat\Desktop\Project Skripsi Agrimate\agrimate-android\app\src\main\java\com\codelabs\agrimate\ui\components\maps\AGMapsPolygonDefault.kt,2
AGMapsPolygonMarker.kt,C:\Users\dewat\Desktop\Project Skripsi Agrimate\agrimate-android\app\src\main\java\com\codelabs\agrimate\ui\components\maps\AGMapsPolygonMarker.kt,2
ExploreMenuModel.kt,C:\Users\dewat\Desktop\Project Skripsi Agrimate\agrimate-android\app\src\main\java\com\codelabs\agrimate\ui\components\model\ExploreMenuModel.kt,1
FeatureCardModel.kt,C:\Users\dewat\Desktop\Project Skripsi Agrimate\agrimate-android\app\src\main\java\com\codelabs\agrimate\ui\components\model\FeatureCardModel.kt,1
NavbarMenuModel.kt,C:\Users\dewat\Desktop\Project Skripsi Agrimate\agrimate-android\app\src\main\java\com\codelabs\agrimate\ui\components\model\NavbarMenuModel.kt,1
ShimmerBrush.kt,C:\Users\dewat\Desktop\Project Skripsi Agrimate\agrimate-android\app\src\main\java\com\codelabs\agrimate\ui\components\shimmer\ShimmerBrush.kt,2
NumberTransformation.kt,C:\Users\dewat\Desktop\Project Skripsi Agrimate\agrimate-android\app\src\main\java\com\codelabs\agrimate\ui\components\visualtransformation\NumberTransformation.kt,1
Effect.kt,C:\Users\dewat\Desktop\Project Skripsi Agrimate\agrimate-android\app\src\main\java\com\codelabs\agrimate\ui\effect\Effect.kt,3
AgrimateDestinations.kt,C:\Users\dewat\Desktop\Project Skripsi Agrimate\agrimate-android\app\src\main\java\com\codelabs\agrimate\ui\navigation\AgrimateDestinations.kt,1
AgrimateNavGraph.kt,C:\Users\dewat\Desktop\Project Skripsi Agrimate\agrimate-android\app\src\main\java\com\codelabs\agrimate\ui\navigation\AgrimateNavGraph.kt,1
FarmerGraph.kt,C:\Users\dewat\Desktop\Project Skripsi Agrimate\agrimate-android\app\src\main\java\com\codelabs\agrimate\ui\navigation\farmer\FarmerGraph.kt,1
FarmerLandGraph.kt,C:\Users\dewat\Desktop\Project Skripsi Agrimate\agrimate-android\app\src\main\java\com\codelabs\agrimate\ui\navigation\farmer\land\FarmerLandGraph.kt,1
FarmerMainGraph.kt,C:\Users\dewat\Desktop\Project Skripsi Agrimate\agrimate-android\app\src\main\java\com\codelabs\agrimate\ui\navigation\farmer\main\FarmerMainGraph.kt,1
FarmerOtherGraph.kt,C:\Users\dewat\Desktop\Project Skripsi Agrimate\agrimate-android\app\src\main\java\com\codelabs\agrimate\ui\navigation\farmer\other\FarmerOtherGraph.kt,1
AuthGraph.kt,C:\Users\dewat\Desktop\Project Skripsi Agrimate\agrimate-android\app\src\main\java\com\codelabs\agrimate\ui\navigation\shared\AuthGraph.kt,1
OnBoardingGraph.kt,C:\Users\dewat\Desktop\Project Skripsi Agrimate\agrimate-android\app\src\main\java\com\codelabs\agrimate\ui\navigation\shared\OnBoardingGraph.kt,1
Color.kt,C:\Users\dewat\Desktop\Project Skripsi Agrimate\agrimate-android\app\src\main\java\com\codelabs\agrimate\ui\theme\Color.kt,1
Theme.kt,C:\Users\dewat\Desktop\Project Skripsi Agrimate\agrimate-android\app\src\main\java\com\codelabs\agrimate\ui\theme\Theme.kt,2
Type.kt,C:\Users\dewat\Desktop\Project Skripsi Agrimate\agrimate-android\app\src\main\java\com\codelabs\agrimate\ui\theme\Type.kt,1
AGWebView.kt,C:\Users\dewat\Desktop\Project Skripsi Agrimate\agrimate-android\app\src\main\java\com\codelabs\agrimate\ui\webview\AGWebView.kt,1
CameraAnalyzer.kt,C:\Users\dewat\Desktop\Project Skripsi Agrimate\agrimate-android\app\src\main\java\com\codelabs\agrimate\utils\CameraAnalyzer.kt,3
DateUtils.kt,C:\Users\dewat\Desktop\Project Skripsi Agrimate\agrimate-android\app\src\main\java\com\codelabs\agrimate\utils\DateUtils.kt,5
FileUtils.kt,C:\Users\dewat\Desktop\Project Skripsi Agrimate\agrimate-android\app\src\main\java\com\codelabs\agrimate\utils\FileUtils.kt,7
FormatUtils.kt,C:\Users\dewat\Desktop\Project Skripsi Agrimate\agrimate-android\app\src\main\java\com\codelabs\agrimate\utils\FormatUtils.kt,2
PermissionManager.kt,C:\Users\dewat\Desktop\Project Skripsi Agrimate\agrimate-android\app\src\main\java\com\codelabs\agrimate\utils\PermissionManager.kt,4
TimeUtils.kt,C:\Users\dewat\Desktop\Project Skripsi Agrimate\agrimate-android\app\src\main\java\com\codelabs\agrimate\utils\TimeUtils.kt,8
UiUtils.kt,C:\Users\dewat\Desktop\Project Skripsi Agrimate\agrimate-android\app\src\main\java\com\codelabs\agrimate\utils\UiUtils.kt,4
ValidationUtils.kt,C:\Users\dewat\Desktop\Project Skripsi Agrimate\agrimate-android\app\src\main\java\com\codelabs\agrimate\utils\ValidationUtils.kt,3
ExampleUnitTest.kt,C:\Users\dewat\Desktop\Project Skripsi Agrimate\agrimate-android\app\src\test\java\com\codelabs\agrimate\ExampleUnitTest.kt,1
DateUtilsTest.kt,C:\Users\dewat\Desktop\Project Skripsi Agrimate\agrimate-android\app\src\test\java\com\codelabs\agrimate\utils\DateUtilsTest.kt,1
FormatUtilsTest.kt,C:\Users\dewat\Desktop\Project Skripsi Agrimate\agrimate-android\app\src\test\java\com\codelabs\agrimate\utils\FormatUtilsTest.kt,1
ExampleInstrumentedTest.kt,C:\Users\dewat\Desktop\Project Skripsi Agrimate\agrimate-android\core\src\androidTest\java\com\codelabs\core\ExampleInstrumentedTest.kt,1
AuthRepositoryImpl.kt,C:\Users\dewat\Desktop\Project Skripsi Agrimate\agrimate-android\core\src\main\java\com\codelabs\core\data\impl\AuthRepositoryImpl.kt,7
CommodityRepositoryImpl.kt,C:\Users\dewat\Desktop\Project Skripsi Agrimate\agrimate-android\core\src\main\java\com\codelabs\core\data\impl\CommodityRepositoryImpl.kt,2
DataStoreRepositoryImpl.kt,C:\Users\dewat\Desktop\Project Skripsi Agrimate\agrimate-android\core\src\main\java\com\codelabs\core\data\impl\DataStoreRepositoryImpl.kt,1
FarmerLandRepositoryImpl.kt,C:\Users\dewat\Desktop\Project Skripsi Agrimate\agrimate-android\core\src\main\java\com\codelabs\core\data\impl\FarmerLandRepositoryImpl.kt,6
HarvestRepositoryImpl.kt,C:\Users\dewat\Desktop\Project Skripsi Agrimate\agrimate-android\core\src\main\java\com\codelabs\core\data\impl\HarvestRepositoryImpl.kt,5
LandActivityRepositoryImpl.kt,C:\Users\dewat\Desktop\Project Skripsi Agrimate\agrimate-android\core\src\main\java\com\codelabs\core\data\impl\LandActivityRepositoryImpl.kt,1
NewsRepositoryImpl.kt,C:\Users\dewat\Desktop\Project Skripsi Agrimate\agrimate-android\core\src\main\java\com\codelabs\core\data\impl\NewsRepositoryImpl.kt,2
PlantDiseaseRepositoryImpl.kt,C:\Users\dewat\Desktop\Project Skripsi Agrimate\agrimate-android\core\src\main\java\com\codelabs\core\data\impl\PlantDiseaseRepositoryImpl.kt,9
PlantingRepositoryImpl.kt,C:\Users\dewat\Desktop\Project Skripsi Agrimate\agrimate-android\core\src\main\java\com\codelabs\core\data\impl\PlantingRepositoryImpl.kt,5
RegionRepositoryImpl.kt,C:\Users\dewat\Desktop\Project Skripsi Agrimate\agrimate-android\core\src\main\java\com\codelabs\core\data\impl\RegionRepositoryImpl.kt,4
LocalDataStore.kt,C:\Users\dewat\Desktop\Project Skripsi Agrimate\agrimate-android\core\src\main\java\com\codelabs\core\data\source\local\LocalDataStore.kt,1
AuthRemoteDataSource.kt,C:\Users\dewat\Desktop\Project Skripsi Agrimate\agrimate-android\core\src\main\java\com\codelabs\core\data\source\remote\AuthRemoteDataSource.kt,1
CheckOTPBody.kt,C:\Users\dewat\Desktop\Project Skripsi Agrimate\agrimate-android\core\src\main\java\com\codelabs\core\data\source\remote\body\CheckOTPBody.kt,1
CreateFarmerLandBody.kt,C:\Users\dewat\Desktop\Project Skripsi Agrimate\agrimate-android\core\src\main\java\com\codelabs\core\data\source\remote\body\CreateFarmerLandBody.kt,1
CreatePlantingBody.kt,C:\Users\dewat\Desktop\Project Skripsi Agrimate\agrimate-android\core\src\main\java\com\codelabs\core\data\source\remote\body\CreatePlantingBody.kt,1
ForgotPasswordBody.kt,C:\Users\dewat\Desktop\Project Skripsi Agrimate\agrimate-android\core\src\main\java\com\codelabs\core\data\source\remote\body\ForgotPasswordBody.kt,1
HarvestBody.kt,C:\Users\dewat\Desktop\Project Skripsi Agrimate\agrimate-android\core\src\main\java\com\codelabs\core\data\source\remote\body\HarvestBody.kt,1
LandActivityBody.kt,C:\Users\dewat\Desktop\Project Skripsi Agrimate\agrimate-android\core\src\main\java\com\codelabs\core\data\source\remote\body\LandActivityBody.kt,1
ResetPasswordBody.kt,C:\Users\dewat\Desktop\Project Skripsi Agrimate\agrimate-android\core\src\main\java\com\codelabs\core\data\source\remote\body\ResetPasswordBody.kt,1
SignInBody.kt,C:\Users\dewat\Desktop\Project Skripsi Agrimate\agrimate-android\core\src\main\java\com\codelabs\core\data\source\remote\body\SignInBody.kt,1
SignUpBody.kt,C:\Users\dewat\Desktop\Project Skripsi Agrimate\agrimate-android\core\src\main\java\com\codelabs\core\data\source\remote\body\SignUpBody.kt,1
CommodityRemoteDataSource.kt,C:\Users\dewat\Desktop\Project Skripsi Agrimate\agrimate-android\core\src\main\java\com\codelabs\core\data\source\remote\CommodityRemoteDataSource.kt,1
DiseaseDetectionRemoteDataSource.kt,C:\Users\dewat\Desktop\Project Skripsi Agrimate\agrimate-android\core\src\main\java\com\codelabs\core\data\source\remote\DiseaseDetectionRemoteDataSource.kt,1
FarmerLandRemoteDataSource.kt,C:\Users\dewat\Desktop\Project Skripsi Agrimate\agrimate-android\core\src\main\java\com\codelabs\core\data\source\remote\FarmerLandRemoteDataSource.kt,1
HarvestRemoteDataSource.kt,C:\Users\dewat\Desktop\Project Skripsi Agrimate\agrimate-android\core\src\main\java\com\codelabs\core\data\source\remote\HarvestRemoteDataSource.kt,1
LandActivityRemoteDataSource.kt,C:\Users\dewat\Desktop\Project Skripsi Agrimate\agrimate-android\core\src\main\java\com\codelabs\core\data\source\remote\LandActivityRemoteDataSource.kt,1
ApiResponse.kt,C:\Users\dewat\Desktop\Project Skripsi Agrimate\agrimate-android\core\src\main\java\com\codelabs\core\data\source\remote\network\ApiResponse.kt,1
AuthService.kt,C:\Users\dewat\Desktop\Project Skripsi Agrimate\agrimate-android\core\src\main\java\com\codelabs\core\data\source\remote\network\AuthService.kt,1
CommodityService.kt,C:\Users\dewat\Desktop\Project Skripsi Agrimate\agrimate-android\core\src\main\java\com\codelabs\core\data\source\remote\network\CommodityService.kt,1
FarmerLandService.kt,C:\Users\dewat\Desktop\Project Skripsi Agrimate\agrimate-android\core\src\main\java\com\codelabs\core\data\source\remote\network\FarmerLandService.kt,1
HarvestService.kt,C:\Users\dewat\Desktop\Project Skripsi Agrimate\agrimate-android\core\src\main\java\com\codelabs\core\data\source\remote\network\HarvestService.kt,1
LandActivityService.kt,C:\Users\dewat\Desktop\Project Skripsi Agrimate\agrimate-android\core\src\main\java\com\codelabs\core\data\source\remote\network\LandActivityService.kt,1
PlantDiseaseDetectionService.kt,C:\Users\dewat\Desktop\Project Skripsi Agrimate\agrimate-android\core\src\main\java\com\codelabs\core\data\source\remote\network\PlantDiseaseDetectionService.kt,1
PlantingService.kt,C:\Users\dewat\Desktop\Project Skripsi Agrimate\agrimate-android\core\src\main\java\com\codelabs\core\data\source\remote\network\PlantingService.kt,1
RegionService.kt,C:\Users\dewat\Desktop\Project Skripsi Agrimate\agrimate-android\core\src\main\java\com\codelabs\core\data\source\remote\network\RegionService.kt,1
NewsRemoteDataSource.kt,C:\Users\dewat\Desktop\Project Skripsi Agrimate\agrimate-android\core\src\main\java\com\codelabs\core\data\source\remote\NewsRemoteDataSource.kt,1
PlantingRemoteDataSource.kt,C:\Users\dewat\Desktop\Project Skripsi Agrimate\agrimate-android\core\src\main\java\com\codelabs\core\data\source\remote\PlantingRemoteDataSource.kt,1
RegionRemoteDataSource.kt,C:\Users\dewat\Desktop\Project Skripsi Agrimate\agrimate-android\core\src\main\java\com\codelabs\core\data\source\remote\RegionRemoteDataSource.kt,2
AuthMeResponse.kt,C:\Users\dewat\Desktop\Project Skripsi Agrimate\agrimate-android\core\src\main\java\com\codelabs\core\data\source\remote\response\auth\AuthMeResponse.kt,1
CheckOTPResponse.kt,C:\Users\dewat\Desktop\Project Skripsi Agrimate\agrimate-android\core\src\main\java\com\codelabs\core\data\source\remote\response\auth\CheckOTPResponse.kt,1
RefreshTokenResponse.kt,C:\Users\dewat\Desktop\Project Skripsi Agrimate\agrimate-android\core\src\main\java\com\codelabs\core\data\source\remote\response\auth\RefreshTokenResponse.kt,1
SignInResponse.kt,C:\Users\dewat\Desktop\Project Skripsi Agrimate\agrimate-android\core\src\main\java\com\codelabs\core\data\source\remote\response\auth\SignInResponse.kt,1
SignUpResponse.kt,C:\Users\dewat\Desktop\Project Skripsi Agrimate\agrimate-android\core\src\main\java\com\codelabs\core\data\source\remote\response\auth\SignUpResponse.kt,1
CommodityDataResponse.kt,C:\Users\dewat\Desktop\Project Skripsi Agrimate\agrimate-android\core\src\main\java\com\codelabs\core\data\source\remote\response\commodity\CommodityDataResponse.kt,1
DiseaseDetectionResponse.kt,C:\Users\dewat\Desktop\Project Skripsi Agrimate\agrimate-android\core\src\main\java\com\codelabs\core\data\source\remote\response\diseasedetection\DiseaseDetectionResponse.kt,1
ResponseDiseaseDetectionAPI.kt,C:\Users\dewat\Desktop\Project Skripsi Agrimate\agrimate-android\core\src\main\java\com\codelabs\core\data\source\remote\response\diseasedetection\ResponseDiseaseDetectionAPI.kt,1
FarmerLandListItemResponse.kt,C:\Users\dewat\Desktop\Project Skripsi Agrimate\agrimate-android\core\src\main\java\com\codelabs\core\data\source\remote\response\farmerland\FarmerLandListItemResponse.kt,1
FarmerLandResponse.kt,C:\Users\dewat\Desktop\Project Skripsi Agrimate\agrimate-android\core\src\main\java\com\codelabs\core\data\source\remote\response\farmerland\FarmerLandResponse.kt,1
RemainingLandAreaResponse.kt,C:\Users\dewat\Desktop\Project Skripsi Agrimate\agrimate-android\core\src\main\java\com\codelabs\core\data\source\remote\response\farmerland\RemainingLandAreaResponse.kt,1
HarvestReponse.kt,C:\Users\dewat\Desktop\Project Skripsi Agrimate\agrimate-android\core\src\main\java\com\codelabs\core\data\source\remote\response\harvest\HarvestReponse.kt,1
NewsItemResponse.kt,C:\Users\dewat\Desktop\Project Skripsi Agrimate\agrimate-android\core\src\main\java\com\codelabs\core\data\source\remote\response\news\NewsItemResponse.kt,1
PlantingDataResponse.kt,C:\Users\dewat\Desktop\Project Skripsi Agrimate\agrimate-android\core\src\main\java\com\codelabs\core\data\source\remote\response\planting\PlantingDataResponse.kt,1
PlantingListDataResponse.kt,C:\Users\dewat\Desktop\Project Skripsi Agrimate\agrimate-android\core\src\main\java\com\codelabs\core\data\source\remote\response\planting\PlantingListDataResponse.kt,1
RegionResponse.kt,C:\Users\dewat\Desktop\Project Skripsi Agrimate\agrimate-android\core\src\main\java\com\codelabs\core\data\source\remote\response\region\RegionResponse.kt,1
Response.kt,C:\Users\dewat\Desktop\Project Skripsi Agrimate\agrimate-android\core\src\main\java\com\codelabs\core\data\source\remote\response\Response.kt,1
ResponseMessage.kt,C:\Users\dewat\Desktop\Project Skripsi Agrimate\agrimate-android\core\src\main\java\com\codelabs\core\data\source\remote\response\ResponseMessage.kt,1
FirebaseModule.kt,C:\Users\dewat\Desktop\Project Skripsi Agrimate\agrimate-android\core\src\main\java\com\codelabs\core\di\FirebaseModule.kt,1
LocalModule.kt,C:\Users\dewat\Desktop\Project Skripsi Agrimate\agrimate-android\core\src\main\java\com\codelabs\core\di\LocalModule.kt,1
NetworkModule.kt,C:\Users\dewat\Desktop\Project Skripsi Agrimate\agrimate-android\core\src\main\java\com\codelabs\core\di\NetworkModule.kt,1
RepositoryModule.kt,C:\Users\dewat\Desktop\Project Skripsi Agrimate\agrimate-android\core\src\main\java\com\codelabs\core\di\RepositoryModule.kt,1
AuthMeModel.kt,C:\Users\dewat\Desktop\Project Skripsi Agrimate\agrimate-android\core\src\main\java\com\codelabs\core\domain\model\AuthMeModel.kt,1
CheckOTPModel.kt,C:\Users\dewat\Desktop\Project Skripsi Agrimate\agrimate-android\core\src\main\java\com\codelabs\core\domain\model\CheckOTPModel.kt,1
CommodityModel.kt,C:\Users\dewat\Desktop\Project Skripsi Agrimate\agrimate-android\core\src\main\java\com\codelabs\core\domain\model\CommodityModel.kt,1
CreateFarmerLandModel.kt,C:\Users\dewat\Desktop\Project Skripsi Agrimate\agrimate-android\core\src\main\java\com\codelabs\core\domain\model\CreateFarmerLandModel.kt,1
CroppingPatternModel.kt,C:\Users\dewat\Desktop\Project Skripsi Agrimate\agrimate-android\core\src\main\java\com\codelabs\core\domain\model\CroppingPatternModel.kt,1
FarmerLandListItemModel.kt,C:\Users\dewat\Desktop\Project Skripsi Agrimate\agrimate-android\core\src\main\java\com\codelabs\core\domain\model\FarmerLandListItemModel.kt,1
FarmerLandModel.kt,C:\Users\dewat\Desktop\Project Skripsi Agrimate\agrimate-android\core\src\main\java\com\codelabs\core\domain\model\FarmerLandModel.kt,1
ForgotPasswordModel.kt,C:\Users\dewat\Desktop\Project Skripsi Agrimate\agrimate-android\core\src\main\java\com\codelabs\core\domain\model\ForgotPasswordModel.kt,1
HarvestModel.kt,C:\Users\dewat\Desktop\Project Skripsi Agrimate\agrimate-android\core\src\main\java\com\codelabs\core\domain\model\HarvestModel.kt,1
LogoutModel.kt,C:\Users\dewat\Desktop\Project Skripsi Agrimate\agrimate-android\core\src\main\java\com\codelabs\core\domain\model\LogoutModel.kt,1
NewsModel.kt,C:\Users\dewat\Desktop\Project Skripsi Agrimate\agrimate-android\core\src\main\java\com\codelabs\core\domain\model\NewsModel.kt,1
PlantDiseaseDetectionModel.kt,C:\Users\dewat\Desktop\Project Skripsi Agrimate\agrimate-android\core\src\main\java\com\codelabs\core\domain\model\PlantDiseaseDetectionModel.kt,1
PlantDiseasePredictionModel.kt,C:\Users\dewat\Desktop\Project Skripsi Agrimate\agrimate-android\core\src\main\java\com\codelabs\core\domain\model\PlantDiseasePredictionModel.kt,1
PlantingListItemModel.kt,C:\Users\dewat\Desktop\Project Skripsi Agrimate\agrimate-android\core\src\main\java\com\codelabs\core\domain\model\PlantingListItemModel.kt,1
PlantingModel.kt,C:\Users\dewat\Desktop\Project Skripsi Agrimate\agrimate-android\core\src\main\java\com\codelabs\core\domain\model\PlantingModel.kt,1
PlantNutritionModel.kt,C:\Users\dewat\Desktop\Project Skripsi Agrimate\agrimate-android\core\src\main\java\com\codelabs\core\domain\model\PlantNutritionModel.kt,1
RegionModel.kt,C:\Users\dewat\Desktop\Project Skripsi Agrimate\agrimate-android\core\src\main\java\com\codelabs\core\domain\model\RegionModel.kt,1
RemainingLandAreaModel.kt,C:\Users\dewat\Desktop\Project Skripsi Agrimate\agrimate-android\core\src\main\java\com\codelabs\core\domain\model\RemainingLandAreaModel.kt,1
ResetPasswordModel.kt,C:\Users\dewat\Desktop\Project Skripsi Agrimate\agrimate-android\core\src\main\java\com\codelabs\core\domain\model\ResetPasswordModel.kt,1
SignInModel.kt,C:\Users\dewat\Desktop\Project Skripsi Agrimate\agrimate-android\core\src\main\java\com\codelabs\core\domain\model\SignInModel.kt,1
SignUpModel.kt,C:\Users\dewat\Desktop\Project Skripsi Agrimate\agrimate-android\core\src\main\java\com\codelabs\core\domain\model\SignUpModel.kt,1
UploadImageModel.kt,C:\Users\dewat\Desktop\Project Skripsi Agrimate\agrimate-android\core\src\main\java\com\codelabs\core\domain\model\UploadImageModel.kt,1
AuthRepository.kt,C:\Users\dewat\Desktop\Project Skripsi Agrimate\agrimate-android\core\src\main\java\com\codelabs\core\domain\repository\AuthRepository.kt,1
CommodityRepository.kt,C:\Users\dewat\Desktop\Project Skripsi Agrimate\agrimate-android\core\src\main\java\com\codelabs\core\domain\repository\CommodityRepository.kt,1
DataStoreRepository.kt,C:\Users\dewat\Desktop\Project Skripsi Agrimate\agrimate-android\core\src\main\java\com\codelabs\core\domain\repository\DataStoreRepository.kt,1
FarmerLandRepository.kt,C:\Users\dewat\Desktop\Project Skripsi Agrimate\agrimate-android\core\src\main\java\com\codelabs\core\domain\repository\FarmerLandRepository.kt,1
HarvestRepository.kt,C:\Users\dewat\Desktop\Project Skripsi Agrimate\agrimate-android\core\src\main\java\com\codelabs\core\domain\repository\HarvestRepository.kt,1
LandActivityRepository.kt,C:\Users\dewat\Desktop\Project Skripsi Agrimate\agrimate-android\core\src\main\java\com\codelabs\core\domain\repository\LandActivityRepository.kt,1
NewsRepository.kt,C:\Users\dewat\Desktop\Project Skripsi Agrimate\agrimate-android\core\src\main\java\com\codelabs\core\domain\repository\NewsRepository.kt,1
PlantDiseaseRepository.kt,C:\Users\dewat\Desktop\Project Skripsi Agrimate\agrimate-android\core\src\main\java\com\codelabs\core\domain\repository\PlantDiseaseRepository.kt,1
PlantingRepository.kt,C:\Users\dewat\Desktop\Project Skripsi Agrimate\agrimate-android\core\src\main\java\com\codelabs\core\domain\repository\PlantingRepository.kt,1
RegionRepository.kt,C:\Users\dewat\Desktop\Project Skripsi Agrimate\agrimate-android\core\src\main\java\com\codelabs\core\domain\repository\RegionRepository.kt,1
AuthInteractor.kt,C:\Users\dewat\Desktop\Project Skripsi Agrimate\agrimate-android\core\src\main\java\com\codelabs\core\domain\usecase\AuthInteractor.kt,1
AuthUseCase.kt,C:\Users\dewat\Desktop\Project Skripsi Agrimate\agrimate-android\core\src\main\java\com\codelabs\core\domain\usecase\AuthUseCase.kt,1
CommodityInteractor.kt,C:\Users\dewat\Desktop\Project Skripsi Agrimate\agrimate-android\core\src\main\java\com\codelabs\core\domain\usecase\CommodityInteractor.kt,1
CommodityUseCase.kt,C:\Users\dewat\Desktop\Project Skripsi Agrimate\agrimate-android\core\src\main\java\com\codelabs\core\domain\usecase\CommodityUseCase.kt,1
DataStoreInteractor.kt,C:\Users\dewat\Desktop\Project Skripsi Agrimate\agrimate-android\core\src\main\java\com\codelabs\core\domain\usecase\DataStoreInteractor.kt,1
DataStoreUseCase.kt,C:\Users\dewat\Desktop\Project Skripsi Agrimate\agrimate-android\core\src\main\java\com\codelabs\core\domain\usecase\DataStoreUseCase.kt,1
FarmerLandDetailnteractor.kt,C:\Users\dewat\Desktop\Project Skripsi Agrimate\agrimate-android\core\src\main\java\com\codelabs\core\domain\usecase\FarmerLandDetailnteractor.kt,1
FarmerLandDetailUseCase.kt,C:\Users\dewat\Desktop\Project Skripsi Agrimate\agrimate-android\core\src\main\java\com\codelabs\core\domain\usecase\FarmerLandDetailUseCase.kt,1
FarmerLandInteractor.kt,C:\Users\dewat\Desktop\Project Skripsi Agrimate\agrimate-android\core\src\main\java\com\codelabs\core\domain\usecase\FarmerLandInteractor.kt,1
FarmerLandUseCase.kt,C:\Users\dewat\Desktop\Project Skripsi Agrimate\agrimate-android\core\src\main\java\com\codelabs\core\domain\usecase\FarmerLandUseCase.kt,1
HarvestInteractor.kt,C:\Users\dewat\Desktop\Project Skripsi Agrimate\agrimate-android\core\src\main\java\com\codelabs\core\domain\usecase\HarvestInteractor.kt,1
HarvestUseCase.kt,C:\Users\dewat\Desktop\Project Skripsi Agrimate\agrimate-android\core\src\main\java\com\codelabs\core\domain\usecase\HarvestUseCase.kt,1
NewsInteractor.kt,C:\Users\dewat\Desktop\Project Skripsi Agrimate\agrimate-android\core\src\main\java\com\codelabs\core\domain\usecase\NewsInteractor.kt,1
NewsUseCase.kt,C:\Users\dewat\Desktop\Project Skripsi Agrimate\agrimate-android\core\src\main\java\com\codelabs\core\domain\usecase\NewsUseCase.kt,1
PlantDiseaseInteractor.kt,C:\Users\dewat\Desktop\Project Skripsi Agrimate\agrimate-android\core\src\main\java\com\codelabs\core\domain\usecase\PlantDiseaseInteractor.kt,1
PlantDiseaseUseCase.kt,C:\Users\dewat\Desktop\Project Skripsi Agrimate\agrimate-android\core\src\main\java\com\codelabs\core\domain\usecase\PlantDiseaseUseCase.kt,1
PlantingInteractor.kt,C:\Users\dewat\Desktop\Project Skripsi Agrimate\agrimate-android\core\src\main\java\com\codelabs\core\domain\usecase\PlantingInteractor.kt,1
PlantingUseCase.kt,C:\Users\dewat\Desktop\Project Skripsi Agrimate\agrimate-android\core\src\main\java\com\codelabs\core\domain\usecase\PlantingUseCase.kt,1
RegionInteractor.kt,C:\Users\dewat\Desktop\Project Skripsi Agrimate\agrimate-android\core\src\main\java\com\codelabs\core\domain\usecase\RegionInteractor.kt,1
RegionUseCase.kt,C:\Users\dewat\Desktop\Project Skripsi Agrimate\agrimate-android\core\src\main\java\com\codelabs\core\domain\usecase\RegionUseCase.kt,1
AuthMeMapper.kt,C:\Users\dewat\Desktop\Project Skripsi Agrimate\agrimate-android\core\src\main\java\com\codelabs\core\mapper\AuthMeMapper.kt,1
CheckOTPMapper.kt,C:\Users\dewat\Desktop\Project Skripsi Agrimate\agrimate-android\core\src\main\java\com\codelabs\core\mapper\CheckOTPMapper.kt,1
CreateFarmerLandMapper.kt,C:\Users\dewat\Desktop\Project Skripsi Agrimate\agrimate-android\core\src\main\java\com\codelabs\core\mapper\CreateFarmerLandMapper.kt,1
ForgotPasswordMapper.kt,C:\Users\dewat\Desktop\Project Skripsi Agrimate\agrimate-android\core\src\main\java\com\codelabs\core\mapper\ForgotPasswordMapper.kt,1
PlantDiseaseDetectionMapper.kt,C:\Users\dewat\Desktop\Project Skripsi Agrimate\agrimate-android\core\src\main\java\com\codelabs\core\mapper\PlantDiseaseDetectionMapper.kt,1
PlantDiseasePredictionMapper.kt,C:\Users\dewat\Desktop\Project Skripsi Agrimate\agrimate-android\core\src\main\java\com\codelabs\core\mapper\PlantDiseasePredictionMapper.kt,1
PlantingMapper.kt,C:\Users\dewat\Desktop\Project Skripsi Agrimate\agrimate-android\core\src\main\java\com\codelabs\core\mapper\PlantingMapper.kt,1
RegionMapper.kt,C:\Users\dewat\Desktop\Project Skripsi Agrimate\agrimate-android\core\src\main\java\com\codelabs\core\mapper\RegionMapper.kt,1
RemainingLandAreaMapper.kt,C:\Users\dewat\Desktop\Project Skripsi Agrimate\agrimate-android\core\src\main\java\com\codelabs\core\mapper\RemainingLandAreaMapper.kt,1
SignInMapper.kt,C:\Users\dewat\Desktop\Project Skripsi Agrimate\agrimate-android\core\src\main\java\com\codelabs\core\mapper\SignInMapper.kt,1
SignUpMapper.kt,C:\Users\dewat\Desktop\Project Skripsi Agrimate\agrimate-android\core\src\main\java\com\codelabs\core\mapper\SignUpMapper.kt,1
UploadImageMapper.kt,C:\Users\dewat\Desktop\Project Skripsi Agrimate\agrimate-android\core\src\main\java\com\codelabs\core\mapper\UploadImageMapper.kt,1
AuthAuthenticator.kt,C:\Users\dewat\Desktop\Project Skripsi Agrimate\agrimate-android\core\src\main\java\com\codelabs\core\utils\AuthAuthenticator.kt,3
AuthInterceptor.kt,C:\Users\dewat\Desktop\Project Skripsi Agrimate\agrimate-android\core\src\main\java\com\codelabs\core\utils\AuthInterceptor.kt,1
ErrorUtils.kt,C:\Users\dewat\Desktop\Project Skripsi Agrimate\agrimate-android\core\src\main\java\com\codelabs\core\utils\ErrorUtils.kt,3
Mapper.kt,C:\Users\dewat\Desktop\Project Skripsi Agrimate\agrimate-android\core\src\main\java\com\codelabs\core\utils\Mapper.kt,1
RequestFlow.kt,C:\Users\dewat\Desktop\Project Skripsi Agrimate\agrimate-android\core\src\main\java\com\codelabs\core\utils\RequestFlow.kt,5
Resource.kt,C:\Users\dewat\Desktop\Project Skripsi Agrimate\agrimate-android\core\src\main\java\com\codelabs\core\utils\Resource.kt,1
ExampleUnitTest.kt,C:\Users\dewat\Desktop\Project Skripsi Agrimate\agrimate-android\core\src\test\java\com\codelabs\core\ExampleUnitTest.kt,1
